,year,postcode,rent
0,2019,3000,593.3475909361956
1,2020,3000,482.20895777178794
2,2021,3000,397.7896883192543
3,2022,3000,500.9218522372529
4,2023,3000,862.3928367458727
5,2024,3000,862.3928367458727
6,2025,3000,862.3928367458727
7,2019,3003,536.830985915493
8,2020,3003,482.23171974522296
9,2021,3003,422.30555555555554
10,2022,3003,467.8980891719745
11,2023,3003,591.7314675526213
12,2024,3003,591.7314675526213
13,2025,3003,591.7314675526213
14,2019,3004,684.9779614325068
15,2020,3004,596.9234793814433
16,2021,3004,526.3223529411765
17,2022,3004,592.936
18,2023,3004,946.6138478586802
19,2024,3004,946.6138478586802
20,2025,3004,946.6138478586802
21,2019,3006,797.6778189910979
22,2020,3006,564.9665199161426
23,2021,3006,470.22189723320156
24,2022,3006,595.4735632183908
25,2023,3006,783.9265771188572
26,2024,3006,783.9265771188572
27,2025,3006,783.9265771188572
28,2019,3008,640.079953650058
29,2020,3008,578.5651666666666
30,2021,3008,636.1165919282511
31,2022,3008,644.290672451193
32,2023,3008,951.2397790563103
33,2024,3008,951.2397790563103
34,2025,3008,951.2397790563103
35,2019,3011,545.485
36,2020,3011,425.748031496063
37,2021,3011,590.575
38,2022,3011,703.9349593495934
39,2023,3011,925.2063401769208
40,2024,3011,925.2063401769208
41,2025,3011,925.2063401769208
42,2019,3012,418.4663063063063
43,2020,3012,425.1421518987342
44,2021,3012,1972.641791044776
45,2022,3012,494.35897435897436
46,2023,3012,601.6034162990305
47,2024,3012,601.6034162990305
48,2025,3012,601.6034162990305
49,2019,3013,495.8776842105263
50,2020,3013,1505.4098360655737
51,2021,3013,612.5
52,2022,3013,617.7586206896551
53,2023,3013,651.2252521306124
54,2024,3013,651.2252521306124
55,2025,3013,651.2252521306124
56,2019,3015,607.9698039215687
57,2020,3015,525.2777777777778
58,2021,3015,519.1159420289855
59,2022,3015,561.3595505617977
60,2023,3015,585.9089335001785
61,2024,3015,585.9089335001785
62,2025,3015,585.9089335001785
63,2019,3016,683.3125
64,2020,3016,551.4814814814815
65,2021,3016,635.9245283018868
66,2022,3016,616.195652173913
67,2023,3016,676.6369096593165
68,2024,3016,676.6369096593165
69,2025,3016,676.6369096593165
70,2019,3018,477.05882352941177
71,2020,3018,493.84615384615387
72,2021,3018,449.0
73,2022,3018,473.6666666666667
74,2023,3018,551.6030842214332
75,2024,3018,551.6030842214332
76,2025,3018,551.6030842214332
77,2019,3019,921.5757575757576
78,2020,3019,416.47058823529414
79,2021,3019,481.07142857142856
80,2022,3019,444.02777777777777
81,2023,3019,609.8220488741654
82,2024,3019,609.8220488741654
83,2025,3019,609.8220488741654
84,2019,3020,438.13235294117646
85,2020,3020,388.73493975903614
86,2021,3020,396.14864864864865
87,2022,3020,400.42857142857144
88,2023,3020,476.6864579579351
89,2024,3020,476.6864579579351
90,2025,3020,476.6864579579351
91,2019,3021,376.5684210526316
92,2020,3021,364.3478260869565
93,2021,3021,385.9166666666667
94,2022,3021,399.0
95,2023,3021,435.2353013047767
96,2024,3021,435.2353013047767
97,2025,3021,435.2353013047767
98,2019,3022,348.1818181818182
99,2020,3022,347.0
100,2021,3022,441.25
101,2022,3022,383.8888888888889
102,2023,3022,472.6731141948333
103,2024,3022,472.6731141948333
104,2025,3022,472.6731141948333
105,2019,3023,424.6629213483146
106,2020,3023,417.8181818181818
107,2021,3023,426.80808080808083
108,2022,3023,444.2528735632184
109,2023,3023,431.5598718114962
110,2024,3023,431.5598718114962
111,2025,3023,431.5598718114962
112,2019,3024,368.61831521739134
113,2020,3024,367.44690476190476
114,2021,3024,362.1542028985507
115,2022,3024,382.8070175438597
116,2023,3024,418.2695526105643
117,2024,3024,418.2695526105643
118,2025,3024,418.2695526105643
119,2019,3025,478.4310344827586
120,2020,3025,440.54794520547944
121,2021,3025,465.5769230769231
122,2022,3025,460.5844155844156
123,2023,3025,501.6752040741414
124,2024,3025,501.6752040741414
125,2025,3025,501.6752040741414
126,2019,3026,445.5286666666667
127,2020,3026,438.3333333333333
128,2021,3026,995.2955999999999
129,2022,3026,471.7857142857143
130,2023,3026,495.70687676602324
131,2024,3026,495.70687676602324
132,2025,3026,495.70687676602324
133,2019,3028,358.7142857142857
134,2020,3028,373.0357142857143
135,2021,3028,353.7903225806452
136,2022,3028,363.030303030303
137,2023,3028,403.5332241832935
138,2024,3028,403.5332241832935
139,2025,3028,403.5332241832935
140,2019,3029,394.20103986135183
141,2020,3029,390.4238683127572
142,2021,3029,388.1662817551963
143,2022,3029,406.4201680672269
144,2023,3029,410.44058747776154
145,2024,3029,410.44058747776154
146,2025,3029,410.44058747776154
147,2019,3030,397.03132104454687
148,2020,3030,392.88353658536585
149,2021,3030,388.0745033112583
150,2022,3030,398.87895716945997
151,2023,3030,411.3930587056159
152,2024,3030,411.3930587056159
153,2025,3030,411.3930587056159
154,2019,3031,469.93506493506493
155,2020,3031,464.30379746835445
156,2021,3031,436.25925925925924
157,2022,3031,477.0833333333333
158,2023,3031,601.7999766637818
159,2024,3031,601.7999766637818
160,2025,3031,601.7999766637818
161,2019,3032,482.9409090909091
162,2020,3032,458.0769230769231
163,2021,3032,439.2901554404145
164,2022,3032,431.31067961165047
165,2023,3032,607.4577149323229
166,2024,3032,607.4577149323229
167,2025,3032,607.4577149323229
168,2019,3033,458.3766233766234
169,2020,3033,463.8157894736842
170,2021,3033,447.88732394366195
171,2022,3033,487.96875
172,2023,3033,495.4895572294497
173,2024,3033,495.4895572294497
174,2025,3033,495.4895572294497
175,2019,3034,447.0238095238095
176,2020,3034,436.8292682926829
177,2021,3034,433.2432432432432
178,2022,3034,480.44117647058823
179,2023,3034,481.97315210643166
180,2024,3034,481.97315210643166
181,2025,3034,481.97315210643166
182,2019,3036,450.85714285714283
183,2020,3036,458.75
184,2021,3036,431.6666666666667
185,2022,3036,431.6666666666667
186,2023,3036,473.23745326527734
187,2024,3036,473.23745326527734
188,2025,3036,473.23745326527734
189,2019,3037,415.63829787234044
190,2020,3037,397.56756756756755
191,2021,3037,401.44444444444446
192,2022,3037,410.0
193,2023,3037,430.8401273052334
194,2024,3037,430.8401273052334
195,2025,3037,430.8401273052334
196,2019,3038,434.84375
197,2020,3038,442.27272727272725
198,2021,3038,453.42105263157896
199,2022,3038,402.3076923076923
200,2023,3038,438.03142811299733
201,2024,3038,438.03142811299733
202,2025,3038,438.03142811299733
203,2019,3039,458.8235294117647
204,2020,3039,467.6585365853659
205,2021,3039,472.0567375886525
206,2022,3039,505.4512195121951
207,2023,3039,622.2529728632584
208,2024,3039,622.2529728632584
209,2025,3039,622.2529728632584
210,2019,3040,497.2
211,2020,3040,460.04464285714283
212,2021,3040,446.1993991416309
213,2022,3040,419.6753246753247
214,2023,3040,584.4089047354513
215,2024,3040,584.4089047354513
216,2025,3040,584.4089047354513
217,2019,3041,439.8181818181818
218,2020,3041,501.0975609756098
219,2021,3041,416.6666666666667
220,2022,3041,463.3076923076923
221,2023,3041,589.0279309535708
222,2024,3041,589.0279309535708
223,2025,3041,589.0279309535708
224,2019,3042,440.16964285714283
225,2020,3042,470.4761904761905
226,2021,3042,446.0
227,2022,3042,449.0996
228,2023,3042,510.57723595609605
229,2024,3042,510.57723595609605
230,2025,3042,510.57723595609605
231,2019,3043,396.86046511627904
232,2020,3043,398.13291139240505
233,2021,3043,414.7258064516129
234,2022,3043,452.35714285714283
235,2023,3043,447.00759036349984
236,2024,3043,447.00759036349984
237,2025,3043,447.00759036349984
238,2019,3044,445.54545454545456
239,2020,3044,450.12931034482756
240,2021,3044,431.44736842105266
241,2022,3044,455.4201680672269
242,2023,3044,489.3673155488685
243,2024,3044,489.3673155488685
244,2025,3044,489.3673155488685
245,2019,3046,413.094696969697
246,2020,3046,421.4505928853755
247,2021,3046,409.01960784313724
248,2022,3046,433.24701195219126
249,2023,3046,460.96997546843954
250,2024,3046,460.96997546843954
251,2025,3046,460.96997546843954
252,2019,3047,352.0625
253,2020,3047,361.14
254,2021,3047,355.6842105263158
255,2022,3047,339.25
256,2023,3047,387.1823859985046
257,2024,3047,387.1823859985046
258,2025,3047,387.1823859985046
259,2019,3048,349.38461538461536
260,2020,3048,367.25
261,2021,3048,331.1904761904762
262,2022,3048,359.54545454545456
263,2023,3048,403.0615097175925
264,2024,3048,403.0615097175925
265,2025,3048,403.0615097175925
266,2019,3049,418.98083333333335
267,2020,3049,409.0845070422535
268,2021,3049,420.8333333333333
269,2022,3049,439.4594594594595
270,2023,3049,449.60685151003014
271,2024,3049,449.60685151003014
272,2025,3049,449.60685151003014
273,2019,3051,501.2457627118644
274,2020,3051,464.4256756756757
275,2021,3051,402.8208333333333
276,2022,3051,480.7831325301205
277,2023,3051,721.9283680009383
278,2024,3051,721.9283680009383
279,2025,3051,721.9283680009383
280,2019,3052,507.7647058823529
281,2020,3052,492.4025974025974
282,2021,3052,394.6388888888889
283,2022,3052,480.527397260274
284,2023,3052,729.5161789844966
285,2024,3052,729.5161789844966
286,2025,3052,729.5161789844966
287,2019,3053,511.07142857142856
288,2020,3053,462.14878892733566
289,2021,3053,360.0207218309859
290,2022,3053,488.1988950276243
291,2023,3053,672.3032412766838
292,2024,3053,672.3032412766838
293,2025,3053,672.3032412766838
294,2019,3054,613.695652173913
295,2020,3054,647.5
296,2021,3054,597.7083333333334
297,2022,3054,568.2692307692307
298,2023,3054,688.272540884513
299,2024,3054,688.272540884513
300,2025,3054,688.272540884513
301,2019,3055,439.4117647058824
302,2020,3055,454.7916666666667
303,2021,3055,389.4047619047619
304,2022,3055,432.55523255813955
305,2023,3055,541.4572841332049
306,2024,3055,541.4572841332049
307,2025,3055,541.4572841332049
308,2019,3056,533.2520325203252
309,2020,3056,498.57142857142856
310,2021,3056,449.81278538812785
311,2022,3056,494.7809523809524
312,2023,3056,664.0649723724772
313,2024,3056,664.0649723724772
314,2025,3056,664.0649723724772
315,2019,3057,526.6593333333334
316,2020,3057,490.4741379310345
317,2021,3057,450.39473684210526
318,2022,3057,505.73275862068965
319,2023,3057,625.7554643356312
320,2024,3057,625.7554643356312
321,2025,3057,625.7554643356312
322,2019,3058,516.687898089172
323,2020,3058,488.64130434782606
324,2021,3058,461.6216216216216
325,2022,3058,480.37974683544303
326,2023,3058,591.1327503689818
327,2024,3058,591.1327503689818
328,2025,3058,591.1327503689818
329,2019,3059,492.7692307692308
330,2020,3059,491.16438356164383
331,2021,3059,492.8095238095238
332,2022,3059,501.9230769230769
333,2023,3059,496.787222218856
334,2024,3059,496.787222218856
335,2025,3059,496.787222218856
336,2019,3060,423.4
337,2020,3060,406.03846153846155
338,2021,3060,401.9117647058824
339,2022,3060,429.0
340,2023,3060,472.2053411264779
341,2024,3060,472.2053411264779
342,2025,3060,472.2053411264779
343,2019,3061,356.0
344,2020,3061,355.0
345,2021,3061,371.9230769230769
346,2022,3061,417.6666666666667
347,2023,3061,418.40109573035807
348,2024,3061,418.40109573035807
349,2025,3061,418.40109573035807
350,2019,3064,401.44736842105266
351,2020,3064,401.08730158730157
352,2021,3064,405.3783783783784
353,2022,3064,432.00779727095517
354,2023,3064,410.2925302875082
355,2024,3064,410.2925302875082
356,2025,3064,410.2925302875082
357,2019,3065,915.6235294117647
358,2020,3065,789.5408163265306
359,2021,3065,550.7142857142857
360,2022,3065,557.337922077922
361,2023,3065,807.0013048767488
362,2024,3065,807.0013048767488
363,2025,3065,807.0013048767488
364,2019,3066,539.3939393939394
365,2020,3066,471.8615384615385
366,2021,3066,498.42424242424244
367,2022,3066,554.6086956521739
368,2023,3066,668.0881771796545
369,2024,3066,668.0881771796545
370,2025,3066,668.0881771796545
371,2019,3067,494.96853146853147
372,2020,3067,468.0980392156863
373,2021,3067,443.2450331125828
374,2022,3067,516.6071428571429
375,2023,3067,622.5341565720059
376,2024,3067,622.5341565720059
377,2025,3067,622.5341565720059
378,2019,3068,617.421875
379,2020,3068,568.4222222222222
380,2021,3068,553.4444444444445
381,2022,3068,600.3409090909091
382,2023,3068,668.0186829024445
383,2024,3068,668.0186829024445
384,2025,3068,668.0186829024445
385,2019,3070,495.0925925925926
386,2020,3070,541.1643835616438
387,2021,3070,536.3510638297872
388,2022,3070,579.6273291925465
389,2023,3070,703.6645536832527
390,2024,3070,703.6645536832527
391,2025,3070,703.6645536832527
392,2019,3071,472.7325581395349
393,2020,3071,504.7887323943662
394,2021,3071,465.4861111111111
395,2022,3071,512.9910714285714
396,2023,3071,624.6549669029752
397,2024,3071,624.6549669029752
398,2025,3071,624.6549669029752
399,2019,3072,495.0205128205128
400,2020,3072,480.6291390728477
401,2021,3072,436.13793103448273
402,2022,3072,482.7462121212121
403,2023,3072,551.0377063900619
404,2024,3072,551.0377063900619
405,2025,3072,551.0377063900619
406,2019,3073,407.3469387755102
407,2020,3073,407.23809523809524
408,2021,3073,403.27464788732397
409,2022,3073,439.87786259541986
410,2023,3073,474.3441258915554
411,2024,3073,474.3441258915554
412,2025,3073,474.3441258915554
413,2019,3074,357.4074074074074
414,2020,3074,386.15384615384613
415,2021,3074,377.39130434782606
416,2022,3074,465.2894736842105
417,2023,3074,469.46094601550215
418,2024,3074,469.46094601550215
419,2025,3074,469.46094601550215
420,2019,3075,371.8695652173913
421,2020,3075,387.5
422,2021,3075,379.54545454545456
423,2022,3075,400.22727272727275
424,2023,3075,443.76806186208694
425,2024,3075,443.76806186208694
426,2025,3075,443.76806186208694
427,2019,3076,390.1505376344086
428,2020,3076,389.8809523809524
429,2021,3076,396.31632653061223
430,2022,3076,409.69565217391306
431,2023,3076,436.8668616111472
432,2024,3076,436.8668616111472
433,2025,3076,436.8668616111472
434,2019,3078,593.5576923076923
435,2020,3078,473.65384615384613
436,2021,3078,485.4375
437,2022,3078,522.8282828282828
438,2023,3078,567.162969581327
439,2024,3078,567.162969581327
440,2025,3078,567.162969581327
441,2019,3079,471.3636363636364
442,2020,3079,489.90625
443,2021,3079,493.5774647887324
444,2022,3079,438.5480769230769
445,2023,3079,579.5702618770639
446,2024,3079,579.5702618770639
447,2025,3079,579.5702618770639
448,2019,3081,444.19642857142856
449,2020,3081,438.734693877551
450,2021,3081,428.0357142857143
451,2022,3081,471.43333333333334
452,2023,3081,473.463828814282
453,2024,3081,473.463828814282
454,2025,3081,473.463828814282
455,2019,3082,383.6842105263158
456,2020,3082,409.64285714285717
457,2021,3082,398.4375
458,2022,3082,430.86206896551727
459,2023,3082,461.8415328136974
460,2024,3082,461.8415328136974
461,2025,3082,461.8415328136974
462,2019,3083,411.86283783783784
463,2020,3083,429.3333333333333
464,2021,3083,397.2705882352941
465,2022,3083,404.10714285714283
466,2023,3083,458.25593481402905
467,2024,3083,458.25593481402905
468,2025,3083,458.25593481402905
469,2019,3084,473.30882352941177
470,2020,3084,460.3488372093023
471,2021,3084,442.5
472,2022,3084,460.0
473,2023,3084,509.44974100140985
474,2024,3084,509.44974100140985
475,2025,3084,509.44974100140985
476,2019,3085,450.75
477,2020,3085,440.5
478,2021,3085,512.0
479,2022,3085,570.0
480,2023,3085,494.79603497204914
481,2024,3085,494.79603497204914
482,2025,3085,494.79603497204914
483,2019,3087,442.0833333333333
484,2020,3087,431.9230769230769
485,2021,3087,457.3529411764706
486,2022,3087,426.3888888888889
487,2023,3087,482.19418512344595
488,2024,3087,482.19418512344595
489,2025,3087,482.19418512344595
490,2019,3088,491.76623376623377
491,2020,3088,472.6271186440678
492,2021,3088,469.76190476190476
493,2022,3088,508.75
494,2023,3088,513.3058087929095
495,2024,3088,513.3058087929095
496,2025,3088,513.3058087929095
497,2019,3089,470.55555555555554
498,2020,3089,529.5363157894737
499,2021,3089,582.2173913043479
500,2022,3089,549.1176470588235
501,2023,3089,548.5416642165267
502,2024,3089,548.5416642165267
503,2025,3089,548.5416642165267
504,2019,3091,520.0
505,2020,3091,540.0
506,2021,3091,675.0
507,2022,3091,675.0
508,2023,3091,673.8046490373176
509,2024,3091,673.8046490373176
510,2025,3091,673.8046490373176
511,2019,3093,420.7142857142857
512,2020,3093,420.0
513,2021,3093,422.0
514,2022,3093,456.0
515,2023,3093,434.3126610973281
516,2024,3093,434.3126610973281
517,2025,3093,434.3126610973281
518,2019,3094,470.2857142857143
519,2020,3094,456.0
520,2021,3094,533.5
521,2022,3094,523.6363636363636
522,2023,3094,479.4272496680482
523,2024,3094,479.4272496680482
524,2025,3094,479.4272496680482
525,2019,3095,489.0449438202247
526,2020,3095,521.3157894736842
527,2021,3095,573.9583333333334
528,2022,3095,561.6809523809524
529,2023,3095,530.2370928970008
530,2024,3095,530.2370928970008
531,2025,3095,530.2370928970008
532,2019,3099,713.0
533,2020,3099,500.0
534,2021,3099,555.0
535,2022,3099,395.0
536,2023,3099,553.1294541816303
537,2024,3099,553.1294541816303
538,2025,3099,553.1294541816303
539,2019,3101,837.74
540,2020,3101,848.859943977591
541,2021,3101,720.4591836734694
542,2022,3101,765.9230769230769
543,2023,3101,983.3085208415129
544,2024,3101,983.3085208415129
545,2025,3101,983.3085208415129
546,2019,3102,707.3529411764706
547,2020,3102,700.0
548,2021,3102,654.5833333333334
549,2022,3102,649.2857142857143
550,2023,3102,652.371174073695
551,2024,3102,652.371174073695
552,2025,3102,652.371174073695
553,2019,3103,660.3445652173913
554,2020,3103,758.360655737705
555,2021,3103,670.2857142857143
556,2022,3103,718.3571428571429
557,2023,3103,830.1687442196927
558,2024,3103,830.1687442196927
559,2025,3103,830.1687442196927
560,2019,3104,695.8771929824561
561,2020,3104,673.4848484848485
562,2021,3104,655.7692307692307
563,2022,3104,726.0784313725491
564,2023,3104,756.0853086087401
565,2024,3104,756.0853086087401
566,2025,3104,756.0853086087401
567,2019,3105,582.1739130434783
568,2020,3105,582.5
569,2021,3105,609.2307692307693
570,2022,3105,533.1818181818181
571,2023,3105,544.0628931006466
572,2024,3105,544.0628931006466
573,2025,3105,544.0628931006466
574,2019,3106,658.4375
575,2020,3106,675.0
576,2021,3106,605.5555555555555
577,2022,3106,696.5625
578,2023,3106,620.6310332168616
579,2024,3106,620.6310332168616
580,2025,3106,620.6310332168616
581,2019,3107,484.0
582,2020,3107,540.625
583,2021,3107,542.6923076923077
584,2022,3107,563.75
585,2023,3107,520.6308101532599
586,2024,3107,520.6308101532599
587,2025,3107,520.6308101532599
588,2019,3108,533.5553658536585
589,2020,3108,512.0224719101124
590,2021,3108,519.6634615384615
591,2022,3108,536.4462809917355
592,2023,3108,553.7922299878684
593,2024,3108,553.7922299878684
594,2025,3108,553.7922299878684
595,2019,3109,545.538448275862
596,2020,3109,567.8666666666667
597,2021,3109,549.609375
598,2022,3109,560.0694444444445
599,2023,3109,575.0131419063899
600,2024,3109,575.0131419063899
601,2025,3109,575.0131419063899
602,2019,3111,580.4166666666666
603,2020,3111,462.14285714285717
604,2021,3111,673.3333333333334
605,2022,3111,561.5384615384615
606,2023,3111,515.0366377955236
607,2024,3111,515.0366377955236
608,2025,3111,515.0366377955236
609,2019,3113,616.6666666666666
610,2020,3113,1026.25
611,2021,3113,705.0
612,2022,3113,613.3333333333334
613,2023,3113,493.2163703718132
614,2024,3113,493.2163703718132
615,2025,3113,493.2163703718132
616,2019,3114,
617,2020,3114,
618,2021,3114,
619,2022,3114,670.0
620,2023,3114,485.6293867823804
621,2024,3114,485.6293867823804
622,2025,3114,485.6293867823804
623,2019,3115,450.0
624,2020,3115,525.0
625,2021,3115,525.0
626,2022,3115,1000.0
627,2023,3115,589.7762111599295
628,2024,3115,589.7762111599295
629,2025,3115,589.7762111599295
630,2019,3116,451.42857142857144
631,2020,3116,495.625
632,2021,3116,583.125
633,2022,3116,561.6666666666666
634,2023,3116,497.96006627891825
635,2024,3116,497.96006627891825
636,2025,3116,497.96006627891825
637,2019,3121,571.8960701754386
638,2020,3121,582.5687919463087
639,2021,3121,537.9038461538462
640,2022,3121,535.1366159695817
641,2023,3121,798.793865751135
642,2024,3121,798.793865751135
643,2025,3121,798.793865751135
644,2019,3122,603.1521739130435
645,2020,3122,601.3943243243243
646,2021,3122,473.7581602373887
647,2022,3122,507.3471615720524
648,2023,3122,934.7859096981163
649,2024,3122,934.7859096981163
650,2025,3122,934.7859096981163
651,2019,3123,637.7007299270073
652,2020,3123,547.3548387096774
653,2021,3123,543.8245614035088
654,2022,3123,579.7788607594937
655,2023,3123,886.5357159161844
656,2024,3123,886.5357159161844
657,2025,3123,886.5357159161844
658,2019,3124,807.7307894736842
659,2020,3124,779.3376623376623
660,2021,3124,719.8363636363637
661,2022,3124,771.6806722689075
662,2023,3124,871.622308216529
663,2024,3124,871.622308216529
664,2025,3124,871.622308216529
665,2019,3125,537.1083823529412
666,2020,3125,540.474358974359
667,2021,3125,479.05
668,2022,3125,521.6666666666666
669,2023,3125,583.8271013653592
670,2024,3125,583.8271013653592
671,2025,3125,583.8271013653592
672,2019,3126,787.3214285714286
673,2020,3126,920.7142857142857
674,2021,3126,828.4375
675,2022,3126,1036.09375
676,2023,3126,956.7268877716801
677,2024,3126,956.7268877716801
678,2025,3126,956.7268877716801
679,2019,3127,655.1515151515151
680,2020,3127,615.0
681,2021,3127,580.2459016393443
682,2022,3127,649.5833333333334
683,2023,3127,765.9882056302393
684,2024,3127,765.9882056302393
685,2025,3127,765.9882056302393
686,2019,3128,493.95581967213116
687,2020,3128,457.90729257641925
688,2021,3128,415.3315789473684
689,2022,3128,511.1517857142857
690,2023,3128,542.7434143169402
691,2024,3128,542.7434143169402
692,2025,3128,542.7434143169402
693,2019,3129,581.5625
694,2020,3129,526.1458333333334
695,2021,3129,528.8888888888889
696,2022,3129,540.0526315789474
697,2023,3129,620.8015117426173
698,2024,3129,620.8015117426173
699,2025,3129,620.8015117426173
700,2019,3130,526.0
701,2020,3130,476.9111111111111
702,2021,3130,514.0
703,2022,3130,500.9183673469388
704,2023,3130,559.7514979562842
705,2024,3130,559.7514979562842
706,2025,3130,559.7514979562842
707,2019,3131,444.5833333333333
708,2020,3131,496.9767441860465
709,2021,3131,490.45454545454544
710,2022,3131,469.5238095238095
711,2023,3131,507.7991396353583
712,2024,3131,507.7991396353583
713,2025,3131,507.7991396353583
714,2019,3132,471.10714285714283
715,2020,3132,465.1666666666667
716,2021,3132,423.0769230769231
717,2022,3132,480.16129032258067
718,2023,3132,553.2039508045187
719,2024,3132,553.2039508045187
720,2025,3132,553.2039508045187
721,2019,3133,500.6461538461538
722,2020,3133,527.265625
723,2021,3133,496.75925925925924
724,2022,3133,529.8181818181819
725,2023,3133,531.9751060138994
726,2024,3133,531.9751060138994
727,2025,3133,531.9751060138994
728,2019,3134,442.54545454545456
729,2020,3134,464.19117647058823
730,2021,3134,458.4782608695652
731,2022,3134,491.52564102564105
732,2023,3134,474.90749174393596
733,2024,3134,474.90749174393596
734,2025,3134,474.90749174393596
735,2019,3135,430.0
736,2020,3135,451.2121212121212
737,2021,3135,469.81481481481484
738,2022,3135,474.42857142857144
739,2023,3135,505.1155120954915
740,2024,3135,505.1155120954915
741,2025,3135,505.1155120954915
742,2019,3136,453.33762711864404
743,2020,3136,472.9591836734694
744,2021,3136,551.8178048780487
745,2022,3136,519.622641509434
746,2023,3136,480.1549616351867
747,2024,3136,480.1549616351867
748,2025,3136,480.1549616351867
749,2019,3137,434.6875
750,2020,3137,456.47058823529414
751,2021,3137,426.875
752,2022,3137,519.375
753,2023,3137,435.5191360767794
754,2024,3137,435.5191360767794
755,2025,3137,435.5191360767794
756,2019,3138,454.77272727272725
757,2020,3138,407.5
758,2021,3138,452.10526315789474
759,2022,3138,496.48148148148147
760,2023,3138,451.78160672985246
761,2024,3138,451.78160672985246
762,2025,3138,451.78160672985246
763,2019,3139,380.0
764,2020,3139,386.6666666666667
765,2021,3139,386.6666666666667
766,2022,3139,420.0
767,2023,3139,433.7705053892376
768,2024,3139,433.7705053892376
769,2025,3139,433.7705053892376
770,2019,3140,402.77777777777777
771,2020,3140,400.88235294117646
772,2021,3140,418.75
773,2022,3140,492.0
774,2023,3140,432.6139203665658
775,2024,3140,432.6139203665658
776,2025,3140,432.6139203665658
777,2019,3141,685.7083333333334
778,2020,3141,635.1662420382166
779,2021,3141,527.0892655367231
780,2022,3141,535.5559849906192
781,2023,3141,1114.2290915961742
782,2024,3141,1114.2290915961742
783,2025,3141,1114.2290915961742
784,2019,3142,1025.0581395348838
785,2020,3142,958.4803921568628
786,2021,3142,890.4158878504672
787,2022,3142,902.7943382352942
788,2023,3142,1616.5763537295552
789,2024,3142,1616.5763537295552
790,2025,3142,1616.5763537295552
791,2019,3143,689.5251798561151
792,2020,3143,659.8941176470588
793,2021,3143,597.8034682080925
794,2022,3143,628.8686086956521
795,2023,3143,903.6278464685732
796,2024,3143,903.6278464685732
797,2025,3143,903.6278464685732
798,2019,3144,734.1089108910891
799,2020,3144,737.9761904761905
800,2021,3144,698.2446808510638
801,2022,3144,676.5122093023256
802,2023,3144,1007.2393954776247
803,2024,3144,1007.2393954776247
804,2025,3144,1007.2393954776247
805,2019,3145,721.7741935483871
806,2020,3145,687.1090909090909
807,2021,3145,561.925
808,2022,3145,698.467027027027
809,2023,3145,989.663366321442
810,2024,3145,989.663366321442
811,2025,3145,989.663366321442
812,2019,3146,710.3461538461538
813,2020,3146,703.8296296296296
814,2021,3146,679.2086330935252
815,2022,3146,772.707358490566
816,2023,3146,944.6579128435372
817,2024,3146,944.6579128435372
818,2025,3146,944.6579128435372
819,2019,3147,613.4615384615385
820,2020,3147,736.969696969697
821,2021,3147,764.375
822,2022,3147,735.7297297297297
823,2023,3147,754.0804658531575
824,2024,3147,754.0804658531575
825,2025,3147,754.0804658531575
826,2019,3148,584.578947368421
827,2020,3148,550.8064516129032
828,2021,3148,610.3571428571429
829,2022,3148,610.3076923076923
830,2023,3148,597.5218760345512
831,2024,3148,597.5218760345512
832,2025,3148,597.5218760345512
833,2019,3149,623.6559139784946
834,2020,3149,610.8823529411765
835,2021,3149,591.3513513513514
836,2022,3149,588.8888888888889
837,2023,3149,584.1844939962177
838,2024,3149,584.1844939962177
839,2025,3149,584.1844939962177
840,2019,3150,620.44
841,2020,3150,703.9444444444445
842,2021,3150,553.421875
843,2022,3150,646.4142857142857
844,2023,3150,657.9070712538715
845,2024,3150,657.9070712538715
846,2025,3150,657.9070712538715
847,2019,3151,546.1111111111111
848,2020,3151,494.0625
849,2021,3151,483.2692307692308
850,2022,3151,536.0344827586207
851,2023,3151,610.3549319553701
852,2024,3151,610.3549319553701
853,2025,3151,610.3549319553701
854,2019,3152,501.4375
855,2020,3152,483.7
856,2021,3152,482.4390243902439
857,2022,3152,511.52777777777777
858,2023,3152,529.3578636255497
859,2024,3152,529.3578636255497
860,2025,3152,529.3578636255497
861,2019,3153,410.3174603174603
862,2020,3153,394.72222222222223
863,2021,3153,521.5384615384615
864,2022,3153,431.0869565217391
865,2023,3153,507.2495603951627
866,2024,3153,507.2495603951627
867,2025,3153,507.2495603951627
868,2019,3154,375.0
869,2020,3154,420.0
870,2021,3154,410.0
871,2022,3154,550.0
872,2023,3154,479.28994788296865
873,2024,3154,479.28994788296865
874,2025,3154,479.28994788296865
875,2019,3155,396.79487179487177
876,2020,3155,403.8636363636364
877,2021,3155,461.1764705882353
878,2022,3155,512.5806451612904
879,2023,3155,509.1864127307016
880,2024,3155,509.1864127307016
881,2025,3155,509.1864127307016
882,2019,3156,415.8333333333333
883,2020,3156,448.75
884,2021,3156,533.0
885,2022,3156,464.1666666666667
886,2023,3156,485.2782874413808
887,2024,3156,485.2782874413808
888,2025,3156,485.2782874413808
889,2019,3158,428.75
890,2020,3158,575.0
891,2021,3158,575.0
892,2022,3158,610.0
893,2023,3158,462.13210690078864
894,2024,3158,462.13210690078864
895,2025,3158,462.13210690078864
896,2019,3159,400.0
897,2020,3159,440.0
898,2021,3159,440.0
899,2022,3159,440.0
900,2023,3159,390.9336938493832
901,2024,3159,390.9336938493832
902,2025,3159,390.9336938493832
903,2019,3160,507.5
904,2020,3160,450.0
905,2021,3160,450.0
906,2022,3160,620.0
907,2023,3160,459.0301937170138
908,2024,3160,459.0301937170138
909,2025,3160,459.0301937170138
910,2019,3161,588.6239316239316
911,2020,3161,538.795918367347
912,2021,3161,491.7734375
913,2022,3161,535.321376146789
914,2023,3161,803.237135360147
915,2024,3161,803.237135360147
916,2025,3161,803.237135360147
917,2019,3162,577.4313725490196
918,2020,3162,562.8947368421053
919,2021,3162,539.0
920,2022,3162,624.8958333333334
921,2023,3162,816.1418127228842
922,2024,3162,816.1418127228842
923,2025,3162,816.1418127228842
924,2019,3163,492.8031496062992
925,2020,3163,479.62393162393164
926,2021,3163,458.5263157894737
927,2022,3163,437.841726618705
928,2023,3163,598.0368083739079
929,2024,3163,598.0368083739079
930,2025,3163,598.0368083739079
931,2019,3165,577.8102189781022
932,2020,3165,533.5243902439024
933,2021,3165,522.7692307692307
934,2022,3165,587.2535211267606
935,2023,3165,608.3287639950887
936,2024,3165,608.3287639950887
937,2025,3165,608.3287639950887
938,2019,3166,526.4358974358975
939,2020,3166,492.5
940,2021,3166,446.078431372549
941,2022,3166,472.9807692307692
942,2023,3166,533.9528333900412
943,2024,3166,533.9528333900412
944,2025,3166,533.9528333900412
945,2019,3167,484.6875
946,2020,3167,495.0
947,2021,3167,438.1818181818182
948,2022,3167,464.0
949,2023,3167,499.19501940709426
950,2024,3167,499.19501940709426
951,2025,3167,499.19501940709426
952,2019,3168,502.5
953,2020,3168,476.531914893617
954,2021,3168,447.9050279329609
955,2022,3168,489.0243902439024
956,2023,3168,522.0508532406651
957,2024,3168,522.0508532406651
958,2025,3168,522.0508532406651
959,2019,3169,492.8378378378378
960,2020,3169,478.21875
961,2021,3169,443.0681818181818
962,2022,3169,489.1666666666667
963,2023,3169,497.6441423117657
964,2024,3169,497.6441423117657
965,2025,3169,497.6441423117657
966,2019,3170,489.13461538461536
967,2020,3170,495.0
968,2021,3170,503.6111111111111
969,2022,3170,540.2941176470588
970,2023,3170,472.3542880541745
971,2024,3170,472.3542880541745
972,2025,3170,472.3542880541745
973,2019,3171,419.40625
974,2020,3171,404.1794871794872
975,2021,3171,417.84313725490193
976,2022,3171,443.93617021276594
977,2023,3171,446.77263591765416
978,2024,3171,446.77263591765416
979,2025,3171,446.77263591765416
980,2019,3172,477.41379310344826
981,2020,3172,462.85714285714283
982,2021,3172,463.05555555555554
983,2022,3172,430.8333333333333
984,2023,3172,460.84033447218843
985,2024,3172,460.84033447218843
986,2025,3172,460.84033447218843
987,2019,3173,569.6551724137931
988,2020,3173,511.07142857142856
989,2021,3173,517.3076923076923
990,2022,3173,565.4
991,2023,3173,501.9457640965941
992,2024,3173,501.9457640965941
993,2025,3173,501.9457640965941
994,2019,3174,380.0
995,2020,3174,384.21875
996,2021,3174,399.5945945945946
997,2022,3174,406.7307692307692
998,2023,3174,423.2760766464422
999,2024,3174,423.2760766464422
1000,2025,3174,423.2760766464422
1001,2019,3175,388.04379562043795
1002,2020,3175,380.0
1003,2021,3175,377.70535714285717
1004,2022,3175,393.46534653465346
1005,2023,3175,414.92420531043246
1006,2024,3175,414.92420531043246
1007,2025,3175,414.92420531043246
1008,2019,3177,344.7435897435897
1009,2020,3177,353.18390804597703
1010,2021,3177,370.45054945054943
1011,2022,3177,386.0
1012,2023,3177,402.53827990612456
1013,2024,3177,402.53827990612456
1014,2025,3177,402.53827990612456
1015,2019,3178,466.9230769230769
1016,2020,3178,477.1212121212121
1017,2021,3178,491.53846153846155
1018,2022,3178,521.081081081081
1019,2023,3178,479.26316449653547
1020,2024,3178,479.26316449653547
1021,2025,3178,479.26316449653547
1022,2019,3179,445.0
1023,2020,3179,460.5
1024,2021,3179,498.0
1025,2022,3179,445.0
1026,2023,3179,487.1445850611921
1027,2024,3179,487.1445850611921
1028,2025,3179,487.1445850611921
1029,2019,3180,450.2
1030,2020,3180,440.8333333333333
1031,2021,3180,470.7894736842105
1032,2022,3180,525.625
1033,2023,3180,506.45102221774283
1034,2024,3180,506.45102221774283
1035,2025,3180,506.45102221774283
1036,2019,3181,599.6837606837607
1037,2020,3181,559.8075949367088
1038,2021,3181,497.72972972972974
1039,2022,3181,537.4279341317365
1040,2023,3181,855.418376445982
1041,2024,3181,855.418376445982
1042,2025,3181,855.418376445982
1043,2019,3182,505.6907775768535
1044,2020,3182,481.57142857142856
1045,2021,3182,434.0034542314335
1046,2022,3182,439.6587019230769
1047,2023,3182,806.5549868854348
1048,2024,3182,806.5549868854348
1049,2025,3182,806.5549868854348
1050,2019,3183,519.1604278074866
1051,2020,3183,491.4264705882353
1052,2021,3183,464.58490566037733
1053,2022,3183,493.427027027027
1054,2023,3183,830.6631371977277
1055,2024,3183,830.6631371977277
1056,2025,3183,830.6631371977277
1057,2019,3184,548.4381443298969
1058,2020,3184,461.4577777777778
1059,2021,3184,474.54741379310343
1060,2022,3184,434.27777777777777
1061,2023,3184,817.1452529018551
1062,2024,3184,817.1452529018551
1063,2025,3184,817.1452529018551
1064,2019,3185,534.2948717948718
1065,2020,3185,442.8813559322034
1066,2021,3185,440.90277777777777
1067,2022,3185,445.8904109589041
1068,2023,3185,783.6792514777667
1069,2024,3185,783.6792514777667
1070,2025,3185,783.6792514777667
1071,2019,3186,971.4569536423841
1072,2020,3186,1114.032258064516
1073,2021,3186,953.3643410852713
1074,2022,3186,1053.75
1075,2023,3186,1363.4140056029712
1076,2024,3186,1363.4140056029712
1077,2025,3186,1363.4140056029712
1078,2019,3187,966.2244897959183
1079,2020,3187,1018.1041666666666
1080,2021,3187,1044.4444444444443
1081,2022,3187,981.1538461538462
1082,2023,3187,981.8065756514106
1083,2024,3187,981.8065756514106
1084,2025,3187,981.8065756514106
1085,2019,3188,896.1636363636363
1086,2020,3188,874.6739130434783
1087,2021,3188,669.7
1088,2022,3188,815.9090909090909
1089,2023,3188,932.8714456975953
1090,2024,3188,932.8714456975953
1091,2025,3188,932.8714456975953
1092,2019,3189,477.3333333333333
1093,2020,3189,476.7857142857143
1094,2021,3189,523.5
1095,2022,3189,536.3636363636364
1096,2023,3189,531.6040117972267
1097,2024,3189,531.6040117972267
1098,2025,3189,531.6040117972267
1099,2019,3190,498.0
1100,2020,3190,525.0
1101,2021,3190,534.53125
1102,2022,3190,508.2692307692308
1103,2023,3190,554.7348990775772
1104,2024,3190,554.7348990775772
1105,2025,3190,554.7348990775772
1106,2019,3191,586.25
1107,2020,3191,762.0
1108,2021,3191,751.8333333333334
1109,2022,3191,536.304347826087
1110,2023,3191,813.096710744156
1111,2024,3191,813.096710744156
1112,2025,3191,813.096710744156
1113,2019,3192,506.87692307692305
1114,2020,3192,511.63793103448273
1115,2021,3192,516.3333333333334
1116,2022,3192,554.5
1117,2023,3192,560.5576496805005
1118,2024,3192,560.5576496805005
1119,2025,3192,560.5576496805005
1120,2019,3193,719.1428571428571
1121,2020,3193,750.4166666666666
1122,2021,3193,913.1666666666666
1123,2022,3193,788.4615384615385
1124,2023,3193,754.3843278317371
1125,2024,3193,754.3843278317371
1126,2025,3193,754.3843278317371
1127,2019,3194,459.8529411764706
1128,2020,3194,565.8064516129032
1129,2021,3194,560.1666666666666
1130,2022,3194,557.1428571428571
1131,2023,3194,542.7351387197814
1132,2024,3194,542.7351387197814
1133,2025,3194,542.7351387197814
1134,2019,3195,587.3170731707318
1135,2020,3195,638.2142857142857
1136,2021,3195,624.875
1137,2022,3195,575.0
1138,2023,3195,656.3641107792618
1139,2024,3195,656.3641107792618
1140,2025,3195,656.3641107792618
1141,2019,3196,521.8333333333334
1142,2020,3196,570.7142857142857
1143,2021,3196,529.5192307692307
1144,2022,3196,562.3888888888889
1145,2023,3196,512.3217152857117
1146,2024,3196,512.3217152857117
1147,2025,3196,512.3217152857117
1148,2019,3197,548.75
1149,2020,3197,534.3478260869565
1150,2021,3197,551.0526315789474
1151,2022,3197,521.3888888888889
1152,2023,3197,494.17984570535856
1153,2024,3197,494.17984570535856
1154,2025,3197,494.17984570535856
1155,2019,3198,428.2307692307692
1156,2020,3198,417.3703703703704
1157,2021,3198,455.3333333333333
1158,2022,3198,500.2631578947368
1159,2023,3198,435.58552527679586
1160,2024,3198,435.58552527679586
1161,2025,3198,435.58552527679586
1162,2019,3199,434.1794871794872
1163,2020,3199,404.9894736842105
1164,2021,3199,358.05555555555554
1165,2022,3199,420.90579710144925
1166,2023,3199,485.0966928406456
1167,2024,3199,485.0966928406456
1168,2025,3199,485.0966928406456
1169,2019,3200,355.7142857142857
1170,2020,3200,360.0
1171,2021,3200,359.375
1172,2022,3200,410.0
1173,2023,3200,422.9037202804038
1174,2024,3200,422.9037202804038
1175,2025,3200,422.9037202804038
1176,2019,3201,396.74418604651163
1177,2020,3201,400.9
1178,2021,3201,414.0816326530612
1179,2022,3201,461.6666666666667
1180,2023,3201,433.22888321469924
1181,2024,3201,433.22888321469924
1182,2025,3201,433.22888321469924
1183,2019,3204,582.9103773584906
1184,2020,3204,555.3846153846154
1185,2021,3204,551.2647058823529
1186,2022,3204,557.1739130434783
1187,2023,3204,646.1362039023625
1188,2024,3204,646.1362039023625
1189,2025,3204,646.1362039023625
1190,2019,3205,635.6930693069307
1191,2020,3205,598.758152173913
1192,2021,3205,564.6085011185683
1193,2022,3205,585.2
1194,2023,3205,877.7057072604097
1195,2024,3205,877.7057072604097
1196,2025,3205,877.7057072604097
1197,2019,3206,838.8303341902314
1198,2020,3206,844.1218130311614
1199,2021,3206,772.266081871345
1200,2022,3206,878.871906614786
1201,2023,3206,1018.7666512057646
1202,2024,3206,1018.7666512057646
1203,2025,3206,1018.7666512057646
1204,2019,3207,717.3228571428572
1205,2020,3207,675.6880269814502
1206,2021,3207,688.8300180831826
1207,2022,3207,708.691037735849
1208,2023,3207,875.0167133854325
1209,2024,3207,875.0167133854325
1210,2025,3207,875.0167133854325
1211,2019,3212,488.0769230769231
1212,2020,3212,443.20512820512823
1213,2021,3212,473.84615384615387
1214,2022,3212,456.8
1215,2023,3212,477.74632704831396
1216,2024,3212,477.74632704831396
1217,2025,3212,477.74632704831396
1218,2019,3213,340.0
1219,2020,3213,360.0
1220,2021,3213,412.5
1221,2022,3213,567.5
1222,2023,3213,430.2007035600908
1223,2024,3213,430.2007035600908
1224,2025,3213,430.2007035600908
1225,2019,3214,324.83870967741933
1226,2020,3214,331.9148936170213
1227,2021,3214,322.3076923076923
1228,2022,3214,345.38373134328356
1229,2023,3214,367.28422905449213
1230,2024,3214,367.28422905449213
1231,2025,3214,367.28422905449213
1232,2019,3215,372.11538461538464
1233,2020,3215,377.10769230769233
1234,2021,3215,407.3076923076923
1235,2022,3215,423.3139534883721
1236,2023,3215,421.0442319898906
1237,2024,3215,421.0442319898906
1238,2025,3215,421.0442319898906
1239,2019,3216,357.57142857142856
1240,2020,3216,389.8888888888889
1241,2021,3216,428.125
1242,2022,3216,412.984496124031
1243,2023,3216,384.90432720584425
1244,2024,3216,384.90432720584425
1245,2025,3216,384.90432720584425
1246,2019,3217,410.39473684210526
1247,2020,3217,428.8888888888889
1248,2021,3217,477.5925925925926
1249,2022,3217,514.3367346938776
1250,2023,3217,453.36442285949386
1251,2024,3217,453.36442285949386
1252,2025,3217,453.36442285949386
1253,2019,3218,388.1042222222222
1254,2020,3218,382.7142857142857
1255,2021,3218,371.8125
1256,2022,3218,415.22058823529414
1257,2023,3218,413.1554197067567
1258,2024,3218,413.1554197067567
1259,2025,3218,413.1554197067567
1260,2019,3219,332.27941176470586
1261,2020,3219,374.0217391304348
1262,2021,3219,371.6
1263,2022,3219,402.15686274509807
1264,2023,3219,412.5211193618028
1265,2024,3219,412.5211193618028
1266,2025,3219,412.5211193618028
1267,2019,3220,399.43037974683546
1268,2020,3220,436.9166666666667
1269,2021,3220,445.11392405063293
1270,2022,3220,438.14516129032256
1271,2023,3220,455.3453379962106
1272,2024,3220,455.3453379962106
1273,2025,3220,455.3453379962106
1274,2019,3221,
1275,2020,3221,380.0
1276,2021,3221,380.0
1277,2022,3221,380.0
1278,2023,3221,477.4932764504192
1279,2024,3221,477.4932764504192
1280,2025,3221,477.4932764504192
1281,2019,3222,381.7977528089888
1282,2020,3222,391.59420289855075
1283,2021,3222,423.04347826086956
1284,2022,3222,456.7567567567568
1285,2023,3222,432.7266640671518
1286,2024,3222,432.7266640671518
1287,2025,3222,432.7266640671518
1288,2019,3223,350.0
1289,2020,3223,373.2317073170732
1290,2021,3223,391.5
1291,2022,3223,455.45454545454544
1292,2023,3223,423.91631458490724
1293,2024,3223,423.91631458490724
1294,2025,3223,423.91631458490724
1295,2019,3224,367.27272727272725
1296,2020,3224,424.61538461538464
1297,2021,3224,416.5
1298,2022,3224,466.42857142857144
1299,2023,3224,442.9214005050545
1300,2024,3224,442.9214005050545
1301,2025,3224,442.9214005050545
1302,2019,3225,440.0
1303,2020,3225,543.3333333333334
1304,2021,3225,555.0
1305,2022,3225,555.0
1306,2023,3225,537.0712643220426
1307,2024,3225,537.0712643220426
1308,2025,3225,537.0712643220426
1309,2019,3226,446.05263157894734
1310,2020,3226,397.5
1311,2021,3226,527.3809523809524
1312,2022,3226,546.3157894736842
1313,2023,3226,439.0049365027464
1314,2024,3226,439.0049365027464
1315,2025,3226,439.0049365027464
1316,2019,3227,210.0
1317,2020,3227,535.0
1318,2021,3227,420.0
1319,2022,3227,662.5
1320,2023,3227,414.54515372800836
1321,2024,3227,414.54515372800836
1322,2025,3227,414.54515372800836
1323,2019,3228,517.03125
1324,2020,3228,502.81632653061223
1325,2021,3228,590.0617283950618
1326,2022,3228,673.0633802816901
1327,2023,3228,522.2581333457123
1328,2024,3228,522.2581333457123
1329,2025,3228,522.2581333457123
1330,2019,3230,426.3888888888889
1331,2020,3230,438.3333333333333
1332,2021,3230,413.3333333333333
1333,2022,3230,685.0
1334,2023,3230,369.7288747733532
1335,2024,3230,369.7288747733532
1336,2025,3230,369.7288747733532
1337,2019,3231,428.3333333333333
1338,2020,3231,406.6666666666667
1339,2021,3231,350.0
1340,2022,3231,350.0
1341,2023,3231,444.05387955220823
1342,2024,3231,444.05387955220823
1343,2025,3231,444.05387955220823
1344,2019,3232,380.0
1345,2020,3232,380.0
1346,2021,3232,380.0
1347,2022,3232,380.0
1348,2023,3232,381.81816450486485
1349,2024,3232,381.81816450486485
1350,2025,3232,381.81816450486485
1351,2019,3242,
1352,2020,3242,450.0
1353,2021,3242,450.0
1354,2022,3242,500.0
1355,2023,3242,408.2265324875099
1356,2024,3242,408.2265324875099
1357,2025,3242,408.2265324875099
1358,2019,3260,
1359,2020,3260,445.0
1360,2021,3260,500.0
1361,2022,3260,500.0
1362,2023,3260,456.1399893857675
1363,2024,3260,456.1399893857675
1364,2025,3260,456.1399893857675
1365,2019,3265,286.0
1366,2020,3265,347.5
1367,2021,3265,320.0
1368,2022,3265,320.0
1369,2023,3265,356.68051251416966
1370,2024,3265,356.68051251416966
1371,2025,3265,356.68051251416966
1372,2019,3266,210.0
1373,2020,3266,268.3333333333333
1374,2021,3266,268.3333333333333
1375,2022,3266,268.3333333333333
1376,2023,3266,346.0463514139539
1377,2024,3266,346.0463514139539
1378,2025,3266,346.0463514139539
1379,2019,3268,244.0
1380,2020,3268,270.0
1381,2021,3268,336.25
1382,2022,3268,320.0
1383,2023,3268,371.9141905064079
1384,2024,3268,371.9141905064079
1385,2025,3268,371.9141905064079
1386,2019,3272,315.0
1387,2020,3272,290.0
1388,2021,3272,340.0
1389,2022,3272,265.0
1390,2023,3272,342.1442810266108
1391,2024,3272,342.1442810266108
1392,2025,3272,342.1442810266108
1393,2019,3277,550.0
1394,2020,3277,303.3333333333333
1395,2021,3277,300.0
1396,2022,3277,380.0
1397,2023,3277,395.2663341462312
1398,2024,3277,395.2663341462312
1399,2025,3277,395.2663341462312
1400,2019,3280,342.93333333333334
1401,2020,3280,383.719512195122
1402,2021,3280,448.75
1403,2022,3280,477.85714285714283
1404,2023,3280,418.0639044203642
1405,2024,3280,418.0639044203642
1406,2025,3280,418.0639044203642
1407,2019,3282,340.0
1408,2020,3282,355.8333333333333
1409,2021,3282,393.75
1410,2022,3282,500.0
1411,2023,3282,347.5440951225526
1412,2024,3282,347.5440951225526
1413,2025,3282,347.5440951225526
1414,2019,3284,365.2962962962963
1415,2020,3284,390.275
1416,2021,3284,406.6666666666667
1417,2022,3284,460.0
1418,2023,3284,418.22914518367276
1419,2024,3284,418.22914518367276
1420,2025,3284,418.22914518367276
1421,2019,3285,305.0
1422,2020,3285,382.5
1423,2021,3285,500.0
1424,2022,3285,450.0
1425,2023,3285,407.67924456668584
1426,2024,3285,407.67924456668584
1427,2025,3285,407.67924456668584
1428,2019,3289,219.0
1429,2020,3289,178.75
1430,2021,3289,170.0
1431,2022,3289,276.6666666666667
1432,2023,3289,350.05082825645707
1433,2024,3289,350.05082825645707
1434,2025,3289,350.05082825645707
1435,2019,3300,281.741935483871
1436,2020,3300,277.0264317180617
1437,2021,3300,319.9056603773585
1438,2022,3300,356.51162790697674
1439,2023,3300,365.51197244459553
1440,2024,3300,365.51197244459553
1441,2025,3300,365.51197244459553
1442,2019,3301,320.0
1443,2020,3301,338.57142857142856
1444,2021,3301,295.0
1445,2022,3301,342.5
1446,2023,3301,378.28151800627074
1447,2024,3301,378.28151800627074
1448,2025,3301,378.28151800627074
1449,2019,3302,223.33333333333334
1450,2020,3302,223.33333333333334
1451,2021,3302,240.0
1452,2022,3302,400.0
1453,2023,3302,312.43782200180635
1454,2024,3302,312.43782200180635
1455,2025,3302,312.43782200180635
1456,2019,3304,262.0
1457,2020,3304,310.0
1458,2021,3304,250.0
1459,2022,3304,367.5
1460,2023,3304,424.9629321521159
1461,2024,3304,424.9629321521159
1462,2025,3304,424.9629321521159
1463,2019,3305,288.2779527559055
1464,2020,3305,280.4166666666667
1465,2021,3305,340.6
1466,2022,3305,339.15000000000003
1467,2023,3305,356.38464617219284
1468,2024,3305,356.38464617219284
1469,2025,3305,356.38464617219284
1470,2019,3321,
1471,2020,3321,
1472,2021,3321,500.0
1473,2022,3321,500.0
1474,2023,3321,427.1907079501288
1475,2024,3321,427.1907079501288
1476,2025,3321,427.1907079501288
1477,2019,3331,400.0
1478,2020,3331,535.0
1479,2021,3331,360.0
1480,2022,3331,571.6666666666666
1481,2023,3331,518.0715952199567
1482,2024,3331,518.0715952199567
1483,2025,3331,518.0715952199567
1484,2019,3336,436.1320754716981
1485,2020,3336,433.9
1486,2021,3336,421.6
1487,2022,3336,459.35714285714283
1488,2023,3336,483.32816819543353
1489,2024,3336,483.32816819543353
1490,2025,3336,483.32816819543353
1491,2019,3337,348.38495575221236
1492,2020,3337,350.55494505494505
1493,2021,3337,349.08653846153845
1494,2022,3337,363.5546875
1495,2023,3337,396.1026971720847
1496,2024,3337,396.1026971720847
1497,2025,3337,396.1026971720847
1498,2019,3338,357.5
1499,2020,3338,359.64426877470356
1500,2021,3338,372.0408163265306
1501,2022,3338,381.3255813953488
1502,2023,3338,395.2102463788475
1503,2024,3338,395.2102463788475
1504,2025,3338,395.2102463788475
1505,2019,3340,357.0833333333333
1506,2020,3340,400.4166666666667
1507,2021,3340,438.0
1508,2022,3340,550.7142857142857
1509,2023,3340,457.426938370894
1510,2024,3340,457.426938370894
1511,2025,3340,457.426938370894
1512,2019,3342,380.0
1513,2020,3342,380.0
1514,2021,3342,380.0
1515,2022,3342,380.0
1516,2023,3342,469.9992556158763
1517,2024,3342,469.9992556158763
1518,2025,3342,469.9992556158763
1519,2019,3350,351.25
1520,2020,3350,391.6666666666667
1521,2021,3350,392.0
1522,2022,3350,418.42105263157896
1523,2023,3350,371.426840612103
1524,2024,3350,371.426840612103
1525,2025,3350,371.426840612103
1526,2019,3351,250.0
1527,2020,3351,380.0
1528,2021,3351,370.0
1529,2022,3351,370.0
1530,2023,3351,416.09794737009054
1531,2024,3351,416.09794737009054
1532,2025,3351,416.09794737009054
1533,2019,3352,491.0
1534,2020,3352,355.0
1535,2021,3352,424.0
1536,2022,3352,441.8181818181818
1537,2023,3352,463.8862533793053
1538,2024,3352,463.8862533793053
1539,2025,3352,463.8862533793053
1540,2019,3355,285.0
1541,2020,3355,285.0
1542,2021,3355,285.0
1543,2022,3355,362.5
1544,2023,3355,346.7278669460691
1545,2024,3355,346.7278669460691
1546,2025,3355,346.7278669460691
1547,2019,3356,308.42857142857144
1548,2020,3356,327.14285714285717
1549,2021,3356,323.3333333333333
1550,2022,3356,378.3333333333333
1551,2023,3356,375.03654071779164
1552,2024,3356,375.03654071779164
1553,2025,3356,375.03654071779164
1554,2019,3363,302.5
1555,2020,3363,363.3333333333333
1556,2021,3363,363.3333333333333
1557,2022,3363,363.3333333333333
1558,2023,3363,374.54093294399553
1559,2024,3363,374.54093294399553
1560,2025,3363,374.54093294399553
1561,2019,3364,410.0
1562,2020,3364,385.0
1563,2021,3364,385.0
1564,2022,3364,385.0
1565,2023,3364,388.4225384892191
1566,2024,3364,388.4225384892191
1567,2025,3364,388.4225384892191
1568,2019,3370,270.0
1569,2020,3370,270.0
1570,2021,3370,350.0
1571,2022,3370,350.0
1572,2023,3370,329.2722499476434
1573,2024,3370,329.2722499476434
1574,2025,3370,329.2722499476434
1575,2019,3373,150.0
1576,2020,3373,150.0
1577,2021,3373,220.0
1578,2022,3373,220.0
1579,2023,3373,244.85398288060114
1580,2024,3373,244.85398288060114
1581,2025,3373,244.85398288060114
1582,2019,3377,
1583,2020,3377,400.0
1584,2021,3377,400.0
1585,2022,3377,400.0
1586,2023,3377,469.27643993797545
1587,2024,3377,469.27643993797545
1588,2025,3377,469.27643993797545
1589,2019,3379,
1590,2020,3379,240.0
1591,2021,3379,240.0
1592,2022,3379,240.0
1593,2023,3379,320.1845395570045
1594,2024,3379,320.1845395570045
1595,2025,3379,320.1845395570045
1596,2019,3388,
1597,2020,3388,
1598,2021,3388,200.0
1599,2022,3388,200.0
1600,2023,3388,340.8858208821912
1601,2024,3388,340.8858208821912
1602,2025,3388,340.8858208821912
1603,2019,3390,195.0
1604,2020,3390,195.0
1605,2021,3390,195.0
1606,2022,3390,195.0
1607,2023,3390,401.7458056043196
1608,2024,3390,401.7458056043196
1609,2025,3390,401.7458056043196
1610,2019,3396,
1611,2020,3396,
1612,2021,3396,180.0
1613,2022,3396,180.0
1614,2023,3396,289.34276981445083
1615,2024,3396,289.34276981445083
1616,2025,3396,289.34276981445083
1617,2019,3401,350.0
1618,2020,3401,350.0
1619,2021,3401,350.0
1620,2022,3401,350.0
1621,2023,3401,360.9362407061264
1622,2024,3401,360.9362407061264
1623,2025,3401,360.9362407061264
1624,2019,3427,409.5
1625,2020,3427,422.77777777777777
1626,2021,3427,426.25
1627,2022,3427,416.1111111111111
1628,2023,3427,469.9059681688702
1629,2024,3427,469.9059681688702
1630,2025,3427,469.9059681688702
1631,2019,3429,394.24242424242425
1632,2020,3429,379.82758620689657
1633,2021,3429,455.45
1634,2022,3429,423.1470588235294
1635,2023,3429,443.9119305145439
1636,2024,3429,443.9119305145439
1637,2025,3429,443.9119305145439
1638,2019,3431,457.5
1639,2020,3431,475.625
1640,2021,3431,502.5
1641,2022,3431,484.0
1642,2023,3431,452.6683914207844
1643,2024,3431,452.6683914207844
1644,2025,3431,452.6683914207844
1645,2019,3434,429.09090909090907
1646,2020,3434,400.0
1647,2021,3434,485.0
1648,2022,3434,416.0
1649,2023,3434,446.15380637679715
1650,2024,3434,446.15380637679715
1651,2025,3434,446.15380637679715
1652,2019,3435,386.0
1653,2020,3435,445.0
1654,2021,3435,445.0
1655,2022,3435,445.0
1656,2023,3435,409.0897182027266
1657,2024,3435,409.0897182027266
1658,2025,3435,409.0897182027266
1659,2019,3437,340.0
1660,2020,3437,472.5
1661,2021,3437,550.0
1662,2022,3437,700.0
1663,2023,3437,497.817195657866
1664,2024,3437,497.817195657866
1665,2025,3437,497.817195657866
1666,2019,3438,700.0
1667,2020,3438,430.0
1668,2021,3438,430.0
1669,2022,3438,430.0
1670,2023,3438,443.4462096411425
1671,2024,3438,443.4462096411425
1672,2025,3438,443.4462096411425
1673,2019,3442,
1674,2020,3442,590.0
1675,2021,3442,496.6666666666667
1676,2022,3442,683.75
1677,2023,3442,488.44216568033306
1678,2024,3442,488.44216568033306
1679,2025,3442,488.44216568033306
1680,2019,3444,
1681,2020,3444,457.5
1682,2021,3444,495.0
1683,2022,3444,565.0
1684,2023,3444,436.66206919730354
1685,2024,3444,436.66206919730354
1686,2025,3444,436.66206919730354
1687,2019,3446,350.0
1688,2020,3446,350.0
1689,2021,3446,480.0
1690,2022,3446,480.0
1691,2023,3446,404.8715748439433
1692,2024,3446,404.8715748439433
1693,2025,3446,404.8715748439433
1694,2019,3453,
1695,2020,3453,420.0
1696,2021,3453,420.0
1697,2022,3453,420.0
1698,2023,3453,351.2809098703439
1699,2024,3453,351.2809098703439
1700,2025,3453,351.2809098703439
1701,2019,3458,570.0
1702,2020,3458,570.0
1703,2021,3458,570.0
1704,2022,3458,570.0
1705,2023,3458,618.121400990712
1706,2024,3458,618.121400990712
1707,2025,3458,618.121400990712
1708,2019,3460,380.3720930232558
1709,2020,3460,483.51304347826084
1710,2021,3460,440.7142857142857
1711,2022,3460,473.3333333333333
1712,2023,3460,427.36602336322966
1713,2024,3460,427.36602336322966
1714,2025,3460,427.36602336322966
1715,2019,3461,349.2307692307692
1716,2020,3461,356.8421052631579
1717,2021,3461,356.8421052631579
1718,2022,3461,450.0
1719,2023,3461,397.9524891373319
1720,2024,3461,397.9524891373319
1721,2025,3461,397.9524891373319
1722,2019,3465,240.0
1723,2020,3465,240.0
1724,2021,3465,240.0
1725,2022,3465,240.0
1726,2023,3465,293.56561805435143
1727,2024,3465,293.56561805435143
1728,2025,3465,293.56561805435143
1729,2019,3490,220.0
1730,2020,3490,240.0
1731,2021,3490,268.3333333333333
1732,2022,3490,268.3333333333333
1733,2023,3490,312.1740815589672
1734,2024,3490,312.1740815589672
1735,2025,3490,312.1740815589672
1736,2019,3496,237.03703703703704
1737,2020,3496,271.6666666666667
1738,2021,3496,275.0
1739,2022,3496,353.0
1740,2023,3496,331.9694783841761
1741,2024,3496,331.9694783841761
1742,2025,3496,331.9694783841761
1743,2019,3498,310.6818181818182
1744,2020,3498,373.1818181818182
1745,2021,3498,420.0
1746,2022,3498,402.5
1747,2023,3498,409.79994933810656
1748,2024,3498,409.79994933810656
1749,2025,3498,409.79994933810656
1750,2019,3500,334.25
1751,2020,3500,340.63342465753425
1752,2021,3500,356.3709677419355
1753,2022,3500,380.2985074626866
1754,2023,3500,383.4901941659573
1755,2024,3500,383.4901941659573
1756,2025,3500,383.4901941659573
1757,2019,3505,280.0
1758,2020,3505,385.0
1759,2021,3505,307.5
1760,2022,3505,325.0
1761,2023,3505,372.41147875165825
1762,2024,3505,372.41147875165825
1763,2025,3505,372.41147875165825
1764,2019,3509,
1765,2020,3509,
1766,2021,3509,320.0
1767,2022,3509,320.0
1768,2023,3509,285.5970594103413
1769,2024,3509,285.5970594103413
1770,2025,3509,285.5970594103413
1771,2019,3515,350.0
1772,2020,3515,325.0
1773,2021,3515,400.0
1774,2022,3515,423.3333333333333
1775,2023,3515,389.7701832516746
1776,2024,3515,389.7701832516746
1777,2025,3515,389.7701832516746
1778,2019,3516,
1779,2020,3516,250.0
1780,2021,3516,325.0
1781,2022,3516,325.0
1782,2023,3516,333.0748537830545
1783,2024,3516,333.0748537830545
1784,2025,3516,333.0748537830545
1785,2019,3517,250.0
1786,2020,3517,250.0
1787,2021,3517,250.0
1788,2022,3517,250.0
1789,2023,3517,340.0563338824291
1790,2024,3517,340.0563338824291
1791,2025,3517,340.0563338824291
1792,2019,3518,200.0
1793,2020,3518,200.0
1794,2021,3518,200.0
1795,2022,3518,200.0
1796,2023,3518,253.02230429360188
1797,2024,3518,253.02230429360188
1798,2025,3518,253.02230429360188
1799,2019,3525,
1800,2020,3525,
1801,2021,3525,
1802,2022,3525,320.0
1803,2023,3525,530.1347009906798
1804,2024,3525,530.1347009906798
1805,2025,3525,530.1347009906798
1806,2019,3537,
1807,2020,3537,
1808,2021,3537,7440.0
1809,2022,3537,7440.0
1810,2023,3537,226.25005539341478
1811,2024,3537,226.25005539341478
1812,2025,3537,226.25005539341478
1813,2019,3550,1811.345283018868
1814,2020,3550,740.0595238095239
1815,2021,3550,394.04761904761904
1816,2022,3550,396.177304964539
1817,2023,3550,418.16565771898684
1818,2024,3550,418.16565771898684
1819,2025,3550,418.16565771898684
1820,2019,3551,406.6666666666667
1821,2020,3551,405.8333333333333
1822,2021,3551,440.0
1823,2022,3551,455.8333333333333
1824,2023,3551,420.98089986513907
1825,2024,3551,420.98089986513907
1826,2025,3551,420.98089986513907
1827,2019,3555,288.6842105263158
1828,2020,3555,350.5813953488372
1829,2021,3555,375.2830188679245
1830,2022,3555,410.85714285714283
1831,2023,3555,393.67399733980204
1832,2024,3555,393.67399733980204
1833,2025,3555,393.67399733980204
1834,2019,3556,302.6666666666667
1835,2020,3556,352.85714285714283
1836,2021,3556,371.3333333333333
1837,2022,3556,410.4761904761905
1838,2023,3556,358.18629575297246
1839,2024,3556,358.18629575297246
1840,2025,3556,358.18629575297246
1841,2019,3557,265.0
1842,2020,3557,265.0
1843,2021,3557,265.0
1844,2022,3557,265.0
1845,2023,3557,343.7872631042367
1846,2024,3557,343.7872631042367
1847,2025,3557,343.7872631042367
1848,2019,3561,350.0
1849,2020,3561,295.0
1850,2021,3561,1955.0
1851,2022,3561,1955.0
1852,2023,3561,403.6799624260321
1853,2024,3561,403.6799624260321
1854,2025,3561,403.6799624260321
1855,2019,3564,985.9555555555555
1856,2020,3564,1011.5
1857,2021,3564,1300.4066
1858,2022,3564,1258.3553333333334
1859,2023,3564,719.8047990478294
1860,2024,3564,719.8047990478294
1861,2025,3564,719.8047990478294
1862,2019,3567,
1863,2020,3567,250.0
1864,2021,3567,250.0
1865,2022,3567,250.0
1866,2023,3567,295.32281957603885
1867,2024,3567,295.32281957603885
1868,2025,3567,295.32281957603885
1869,2019,3584,
1870,2020,3584,210.0
1871,2021,3584,220.0
1872,2022,3584,310.0
1873,2023,3584,291.69436343831643
1874,2024,3584,291.69436343831643
1875,2025,3584,291.69436343831643
1876,2019,3585,250.0
1877,2020,3585,315.0
1878,2021,3585,265.125
1879,2022,3585,293.97058823529414
1880,2023,3585,334.31983034959245
1881,2024,3585,334.31983034959245
1882,2025,3585,334.31983034959245
1883,2019,3588,
1884,2020,3588,
1885,2021,3588,
1886,2022,3588,340.0
1887,2023,3588,536.2955996642957
1888,2024,3588,536.2955996642957
1889,2025,3588,536.2955996642957
1890,2019,3595,
1891,2020,3595,340.0
1892,2021,3595,340.0
1893,2022,3595,225.0
1894,2023,3595,378.9396651574696
1895,2024,3595,378.9396651574696
1896,2025,3595,378.9396651574696
1897,2019,3612,280.0
1898,2020,3612,280.0
1899,2021,3612,280.0
1900,2022,3612,280.0
1901,2023,3612,437.69064221670607
1902,2024,3612,437.69064221670607
1903,2025,3612,437.69064221670607
1904,2019,3616,280.0
1905,2020,3616,361.0
1906,2021,3616,386.6666666666667
1907,2022,3616,400.0
1908,2023,3616,397.33489244113076
1909,2024,3616,397.33489244113076
1910,2025,3616,397.33489244113076
1911,2019,3620,
1912,2020,3620,270.0
1913,2021,3620,323.3333333333333
1914,2022,3620,323.3333333333333
1915,2023,3620,387.28809527971515
1916,2024,3620,387.28809527971515
1917,2025,3620,387.28809527971515
1918,2019,3629,243.33333333333334
1919,2020,3629,275.22727272727275
1920,2021,3629,271.3333333333333
1921,2022,3629,305.3
1922,2023,3629,368.71248440473954
1923,2024,3629,368.71248440473954
1924,2025,3629,368.71248440473954
1925,2019,3630,1362.4666666666667
1926,2020,3630,298.994708994709
1927,2021,3630,310.46783625730995
1928,2022,3630,333.3875
1929,2023,3630,369.0559050570555
1930,2024,3630,369.0559050570555
1931,2025,3630,369.0559050570555
1932,2019,3631,392.5
1933,2020,3631,384.4117647058824
1934,2021,3631,407.63157894736844
1935,2022,3631,483.3333333333333
1936,2023,3631,396.50593315284294
1937,2024,3631,396.50593315284294
1938,2025,3631,396.50593315284294
1939,2019,3660,296.7972972972973
1940,2020,3660,335.1639344262295
1941,2021,3660,326.53846153846155
1942,2022,3660,352.94117647058823
1943,2023,3660,365.4218811862707
1944,2024,3660,365.4218811862707
1945,2025,3660,365.4218811862707
1946,2019,3666,275.0
1947,2020,3666,297.14285714285717
1948,2021,3666,381.25
1949,2022,3666,381.25
1950,2023,3666,367.8683503497225
1951,2024,3666,367.8683503497225
1952,2025,3666,367.8683503497225
1953,2019,3683,490.0
1954,2020,3683,490.0
1955,2021,3683,325.0
1956,2022,3683,350.0
1957,2023,3683,383.12519613809815
1958,2024,3683,383.12519613809815
1959,2025,3683,383.12519613809815
1960,2019,3688,270.0
1961,2020,3688,270.0
1962,2021,3688,360.0
1963,2022,3688,360.0
1964,2023,3688,327.05817374368985
1965,2024,3688,327.05817374368985
1966,2025,3688,327.05817374368985
1967,2019,3690,338.44594594594594
1968,2020,3690,342.5217391304348
1969,2021,3690,386.890243902439
1970,2022,3690,416.2
1971,2023,3690,395.3544374407796
1972,2024,3690,395.3544374407796
1973,2025,3690,395.3544374407796
1974,2019,3691,375.0
1975,2020,3691,373.75
1976,2021,3691,446.25
1977,2022,3691,483.3333333333333
1978,2023,3691,409.88705560505366
1979,2024,3691,409.88705560505366
1980,2025,3691,409.88705560505366
1981,2019,3697,
1982,2020,3697,
1983,2021,3697,
1984,2022,3697,430.0
1985,2023,3697,377.7738288608993
1986,2024,3697,377.7738288608993
1987,2025,3697,377.7738288608993
1988,2019,3699,
1989,2020,3699,
1990,2021,3699,330.0
1991,2022,3699,350.0
1992,2023,3699,337.40344577887856
1993,2024,3699,337.40344577887856
1994,2025,3699,337.40344577887856
1995,2019,3700,370.0
1996,2020,3700,370.0
1997,2021,3700,335.0
1998,2022,3700,470.0
1999,2023,3700,339.5723672107537
2000,2024,3700,339.5723672107537
2001,2025,3700,339.5723672107537
2002,2019,3701,190.0
2003,2020,3701,190.0
2004,2021,3701,275.0
2005,2022,3701,285.0
2006,2023,3701,337.72372713085724
2007,2024,3701,337.72372713085724
2008,2025,3701,337.72372713085724
2009,2019,3723,4700.0
2010,2020,3723,4700.0
2011,2021,3723,4700.0
2012,2022,3723,4700.0
2013,2023,3723,756.5913895537051
2014,2024,3723,756.5913895537051
2015,2025,3723,756.5913895537051
2016,2019,3730,336.30434782608694
2017,2020,3730,336.5217391304348
2018,2021,3730,310.625
2019,2022,3730,386.2068965517241
2020,2023,3730,364.3684528844332
2021,2024,3730,364.3684528844332
2022,2025,3730,364.3684528844332
2023,2019,3737,
2024,2020,3737,500.0
2025,2021,3737,500.0
2026,2022,3737,500.0
2027,2023,3737,415.62632062478355
2028,2024,3737,415.62632062478355
2029,2025,3737,415.62632062478355
2030,2019,3747,
2031,2020,3747,
2032,2021,3747,370.0
2033,2022,3747,370.0
2034,2023,3747,401.08890825304456
2035,2024,3747,401.08890825304456
2036,2025,3747,401.08890825304456
2037,2019,3749,357.14285714285717
2038,2020,3749,366.0
2039,2021,3749,381.6666666666667
2040,2022,3749,457.5
2041,2023,3749,385.46172187658743
2042,2024,3749,385.46172187658743
2043,2025,3749,385.46172187658743
2044,2019,3750,415.17857142857144
2045,2020,3750,405.27777777777777
2046,2021,3750,416.56779661016947
2047,2022,3750,461.747572815534
2048,2023,3750,460.93215392868854
2049,2024,3750,460.93215392868854
2050,2025,3750,460.93215392868854
2051,2019,3752,1717.2058823529412
2052,2020,3752,412.9166666666667
2053,2021,3752,407.3255813953488
2054,2022,3752,437.94117647058823
2055,2023,3752,985.4520224545954
2056,2024,3752,985.4520224545954
2057,2025,3752,985.4520224545954
2058,2019,3753,426.0
2059,2020,3753,431.6666666666667
2060,2021,3753,441.42857142857144
2061,2022,3753,465.0
2062,2023,3753,496.2889301093685
2063,2024,3753,496.2889301093685
2064,2025,3753,496.2889301093685
2065,2019,3754,401.4029850746269
2066,2020,3754,405.9340659340659
2067,2021,3754,432.0952380952381
2068,2022,3754,438.39080459770116
2069,2023,3754,469.75103836002415
2070,2024,3754,469.75103836002415
2071,2025,3754,469.75103836002415
2072,2019,3756,369.41379310344826
2073,2020,3756,363.72093023255815
2074,2021,3756,390.3448275862069
2075,2022,3756,415.7317073170732
2076,2023,3756,423.9804459776473
2077,2024,3756,423.9804459776473
2078,2025,3756,423.9804459776473
2079,2019,3757,389.70588235294116
2080,2020,3757,379.7368421052632
2081,2021,3757,451.3157894736842
2082,2022,3757,385.625
2083,2023,3757,419.29726005419946
2084,2024,3757,419.29726005419946
2085,2025,3757,419.29726005419946
2086,2019,3763,
2087,2020,3763,420.0
2088,2021,3763,420.0
2089,2022,3763,420.0
2090,2023,3763,479.3065537212572
2091,2024,3763,479.3065537212572
2092,2025,3763,479.3065537212572
2093,2019,3764,316.25
2094,2020,3764,342.65625
2095,2021,3764,368.6111111111111
2096,2022,3764,379.44444444444446
2097,2023,3764,421.2526448308193
2098,2024,3764,421.2526448308193
2099,2025,3764,421.2526448308193
2100,2019,3765,443.3333333333333
2101,2020,3765,452.5
2102,2021,3765,475.0
2103,2022,3765,488.0
2104,2023,3765,424.8520403053404
2105,2024,3765,424.8520403053404
2106,2025,3765,424.8520403053404
2107,2019,3766,657.5
2108,2020,3766,657.5
2109,2021,3766,657.5
2110,2022,3766,587.5
2111,2023,3766,447.0676389242165
2112,2024,3766,447.0676389242165
2113,2025,3766,447.0676389242165
2114,2019,3770,
2115,2020,3770,392.5
2116,2021,3770,392.5
2117,2022,3770,392.5
2118,2023,3770,392.8461656097438
2119,2024,3770,392.8461656097438
2120,2025,3770,392.8461656097438
2121,2019,3775,
2122,2020,3775,418.0
2123,2021,3775,418.0
2124,2022,3775,418.0
2125,2023,3775,414.3481633419626
2126,2024,3775,414.3481633419626
2127,2025,3775,414.3481633419626
2128,2019,3777,395.0
2129,2020,3777,350.0
2130,2021,3777,350.0
2131,2022,3777,350.0
2132,2023,3777,396.7769851286028
2133,2024,3777,396.7769851286028
2134,2025,3777,396.7769851286028
2135,2019,3779,
2136,2020,3779,420.0
2137,2021,3779,420.0
2138,2022,3779,420.0
2139,2023,3779,421.9065415942251
2140,2024,3779,421.9065415942251
2141,2025,3779,421.9065415942251
2142,2019,3781,413.3333333333333
2143,2020,3781,396.42857142857144
2144,2021,3781,410.0
2145,2022,3781,410.0
2146,2023,3781,410.54020295219095
2147,2024,3781,410.54020295219095
2148,2025,3781,410.54020295219095
2149,2019,3782,396.42857142857144
2150,2020,3782,425.0
2151,2021,3782,750.0
2152,2022,3782,540.0
2153,2023,3782,407.5205388488599
2154,2024,3782,407.5205388488599
2155,2025,3782,407.5205388488599
2156,2019,3783,394.0
2157,2020,3783,400.0
2158,2021,3783,400.0
2159,2022,3783,400.0
2160,2023,3783,418.3460847271963
2161,2024,3783,418.3460847271963
2162,2025,3783,418.3460847271963
2163,2019,3786,
2164,2020,3786,460.0
2165,2021,3786,550.0
2166,2022,3786,550.0
2167,2023,3786,432.1570581371795
2168,2024,3786,432.1570581371795
2169,2025,3786,432.1570581371795
2170,2019,3787,370.0
2171,2020,3787,370.0
2172,2021,3787,370.0
2173,2022,3787,370.0
2174,2023,3787,376.60785557214666
2175,2024,3787,376.60785557214666
2176,2025,3787,376.60785557214666
2177,2019,3788,427.9166666666667
2178,2020,3788,544.375
2179,2021,3788,617.0
2180,2022,3788,451.25
2181,2023,3788,430.1470126272231
2182,2024,3788,430.1470126272231
2183,2025,3788,430.1470126272231
2184,2019,3791,500.0
2185,2020,3791,595.0
2186,2021,3791,625.0
2187,2022,3791,625.0
2188,2023,3791,438.62808541150116
2189,2024,3791,438.62808541150116
2190,2025,3791,438.62808541150116
2191,2019,3792,
2192,2020,3792,425.0
2193,2021,3792,425.0
2194,2022,3792,425.0
2195,2023,3792,373.68423270292647
2196,2024,3792,373.68423270292647
2197,2025,3792,373.68423270292647
2198,2019,3793,368.75
2199,2020,3793,405.0
2200,2021,3793,405.0
2201,2022,3793,405.0
2202,2023,3793,402.3441489552512
2203,2024,3793,402.3441489552512
2204,2025,3793,402.3441489552512
2205,2019,3796,296.25
2206,2020,3796,437.5
2207,2021,3796,500.0
2208,2022,3796,500.0
2209,2023,3796,394.9779127726803
2210,2024,3796,394.9779127726803
2211,2025,3796,394.9779127726803
2212,2019,3797,
2213,2020,3797,430.0
2214,2021,3797,430.0
2215,2022,3797,430.0
2216,2023,3797,438.76909235121184
2217,2024,3797,438.76909235121184
2218,2025,3797,438.76909235121184
2219,2019,3802,404.0625
2220,2020,3802,421.7647058823529
2221,2021,3802,413.0
2222,2022,3802,454.5833333333333
2223,2023,3802,430.8373000873436
2224,2024,3802,430.8373000873436
2225,2025,3802,430.8373000873436
2226,2019,3803,376.3157894736842
2227,2020,3803,383.75
2228,2021,3803,409.19354838709677
2229,2022,3803,454.5
2230,2023,3803,421.1479799293725
2231,2024,3803,421.1479799293725
2232,2025,3803,421.1479799293725
2233,2019,3804,600.0
2234,2020,3804,455.0
2235,2021,3804,480.0
2236,2022,3804,480.0
2237,2023,3804,551.938320177804
2238,2024,3804,551.938320177804
2239,2025,3804,551.938320177804
2240,2019,3805,403.1271186440678
2241,2020,3805,387.4418604651163
2242,2021,3805,430.68702290076334
2243,2022,3805,466.8181818181818
2244,2023,3805,430.2029524388902
2245,2024,3805,430.2029524388902
2246,2025,3805,430.2029524388902
2247,2019,3806,420.0
2248,2020,3806,425.2830188679245
2249,2021,3806,439.0151515151515
2250,2022,3806,479.8588235294118
2251,2023,3806,449.4684081308303
2252,2024,3806,449.4684081308303
2253,2025,3806,449.4684081308303
2254,2019,3807,442.5
2255,2020,3807,365.1666666666667
2256,2021,3807,375.0
2257,2022,3807,510.0
2258,2023,3807,462.67406358468867
2259,2024,3807,462.67406358468867
2260,2025,3807,462.67406358468867
2261,2019,3809,392.44444444444446
2262,2020,3809,424.44444444444446
2263,2021,3809,438.7931034482759
2264,2022,3809,475.3703703703704
2265,2023,3809,456.0815208179929
2266,2024,3809,456.0815208179929
2267,2025,3809,456.0815208179929
2268,2019,3810,361.241610738255
2269,2020,3810,364.90909090909093
2270,2021,3810,408.0
2271,2022,3810,484.3382352941176
2272,2023,3810,415.84123989886035
2273,2024,3810,415.84123989886035
2274,2025,3810,415.84123989886035
2275,2019,3812,
2276,2020,3812,
2277,2021,3812,
2278,2022,3812,400.0
2279,2023,3812,411.0506003531754
2280,2024,3812,411.0506003531754
2281,2025,3812,411.0506003531754
2282,2019,3814,310.0
2283,2020,3814,310.0
2284,2021,3814,310.0
2285,2022,3814,453.3333333333333
2286,2023,3814,420.1360579704447
2287,2024,3814,420.1360579704447
2288,2025,3814,420.1360579704447
2289,2019,3815,293.3333333333333
2290,2020,3815,335.7142857142857
2291,2021,3815,360.0
2292,2022,3815,440.0
2293,2023,3815,404.35993874358377
2294,2024,3815,404.35993874358377
2295,2025,3815,404.35993874358377
2296,2019,3816,352.5
2297,2020,3816,385.0
2298,2021,3816,385.0
2299,2022,3816,643.3333333333334
2300,2023,3816,442.38762196228384
2301,2024,3816,442.38762196228384
2302,2025,3816,442.38762196228384
2303,2019,3818,335.0
2304,2020,3818,353.3333333333333
2305,2021,3818,398.8235294117647
2306,2022,3818,434.09090909090907
2307,2023,3818,412.62114222060706
2308,2024,3818,412.62114222060706
2309,2025,3818,412.62114222060706
2310,2019,3820,382.22222222222223
2311,2020,3820,383.57142857142856
2312,2021,3820,421.25
2313,2022,3820,428.57142857142856
2314,2023,3820,423.8003566419732
2315,2024,3820,423.8003566419732
2316,2025,3820,423.8003566419732
2317,2019,3821,430.0
2318,2020,3821,505.0
2319,2021,3821,505.0
2320,2022,3821,560.0
2321,2023,3821,432.09141339156406
2322,2024,3821,432.09141339156406
2323,2025,3821,432.09141339156406
2324,2019,3823,390.0
2325,2020,3823,390.0
2326,2021,3823,390.0
2327,2022,3823,390.0
2328,2023,3823,474.8897069895518
2329,2024,3823,474.8897069895518
2330,2025,3823,474.8897069895518
2331,2019,3824,
2332,2020,3824,460.0
2333,2021,3824,435.0
2334,2022,3824,330.0
2335,2023,3824,419.72078892881916
2336,2024,3824,419.72078892881916
2337,2025,3824,419.72078892881916
2338,2019,3825,232.87878787878788
2339,2020,3825,265.05395683453236
2340,2021,3825,306.5
2341,2022,3825,321.0869565217391
2342,2023,3825,364.97455189760774
2343,2024,3825,364.97455189760774
2344,2025,3825,364.97455189760774
2345,2019,3831,370.0
2346,2020,3831,352.5
2347,2021,3831,435.0
2348,2022,3831,431.6666666666667
2349,2023,3831,423.8495507975647
2350,2024,3831,423.8495507975647
2351,2025,3831,423.8495507975647
2352,2019,3833,
2353,2020,3833,350.0
2354,2021,3833,350.0
2355,2022,3833,350.0
2356,2023,3833,432.1404202736048
2357,2024,3833,432.1404202736048
2358,2025,3833,432.1404202736048
2359,2019,3840,227.70491803278688
2360,2020,3840,224.11764705882354
2361,2021,3840,347.5
2362,2022,3840,352.0
2363,2023,3840,346.16503888793204
2364,2024,3840,346.16503888793204
2365,2025,3840,346.16503888793204
2366,2019,3842,258.6666666666667
2367,2020,3842,286.6666666666667
2368,2021,3842,286.6666666666667
2369,2022,3842,430.0
2370,2023,3842,378.5133581829031
2371,2024,3842,378.5133581829031
2372,2025,3842,378.5133581829031
2373,2019,3844,277.14285714285717
2374,2020,3844,302.7288888888889
2375,2021,3844,344.5348837209302
2376,2022,3844,403.6904761904762
2377,2023,3844,372.7877966533669
2378,2024,3844,372.7877966533669
2379,2025,3844,372.7877966533669
2380,2019,3850,300.0
2381,2020,3850,348.92857142857144
2382,2021,3850,376.8292682926829
2383,2022,3850,426.8
2384,2023,3850,371.29155116031535
2385,2024,3850,371.29155116031535
2386,2025,3850,371.29155116031535
2387,2019,3851,355.0
2388,2020,3851,355.0
2389,2021,3851,445.0
2390,2022,3851,412.5
2391,2023,3851,380.1904907879901
2392,2024,3851,380.1904907879901
2393,2025,3851,380.1904907879901
2394,2019,3860,
2395,2020,3860,315.0
2396,2021,3860,296.6666666666667
2397,2022,3860,430.0
2398,2023,3860,351.98585341285406
2399,2024,3860,351.98585341285406
2400,2025,3860,351.98585341285406
2401,2019,3862,
2402,2020,3862,
2403,2021,3862,470.0
2404,2022,3862,500.0
2405,2023,3862,466.34144560592904
2406,2024,3862,466.34144560592904
2407,2025,3862,466.34144560592904
2408,2019,3870,
2409,2020,3870,240.0
2410,2021,3870,240.0
2411,2022,3870,240.0
2412,2023,3870,436.4132618170201
2413,2024,3870,436.4132618170201
2414,2025,3870,436.4132618170201
2415,2019,3875,1929.950495049505
2416,2020,3875,2070.1090322580644
2417,2021,3875,349.5238095238095
2418,2022,3875,339.6
2419,2023,3875,376.82473045996466
2420,2024,3875,376.82473045996466
2421,2025,3875,376.82473045996466
2422,2019,3878,348.0
2423,2020,3878,336.6666666666667
2424,2021,3878,470.0
2425,2022,3878,430.0
2426,2023,3878,448.9406823953158
2427,2024,3878,448.9406823953158
2428,2025,3878,448.9406823953158
2429,2019,3880,327.05882352941177
2430,2020,3880,305.0
2431,2021,3880,348.125
2432,2022,3880,386.25
2433,2023,3880,437.6654368132446
2434,2024,3880,437.6654368132446
2435,2025,3880,437.6654368132446
2436,2019,3882,290.0
2437,2020,3882,430.0
2438,2021,3882,400.0
2439,2022,3882,300.0
2440,2023,3882,406.54893844422185
2441,2024,3882,406.54893844422185
2442,2025,3882,406.54893844422185
2443,2019,3885,240.0
2444,2020,3885,310.0
2445,2021,3885,326.25
2446,2022,3885,326.25
2447,2023,3885,414.4620689988829
2448,2024,3885,414.4620689988829
2449,2025,3885,414.4620689988829
2450,2019,3898,249.0
2451,2020,3898,249.0
2452,2021,3898,249.0
2453,2022,3898,249.0
2454,2023,3898,369.6384879396862
2455,2024,3898,369.6384879396862
2456,2025,3898,369.6384879396862
2457,2019,3903,
2458,2020,3903,
2459,2021,3903,310.0
2460,2022,3903,310.0
2461,2023,3903,322.8764794434747
2462,2024,3903,322.8764794434747
2463,2025,3903,322.8764794434747
2464,2019,3909,280.0
2465,2020,3909,280.0
2466,2021,3909,403.0
2467,2022,3909,5064.0
2468,2023,3909,801.7549879836204
2469,2024,3909,801.7549879836204
2470,2025,3909,801.7549879836204
2471,2019,3910,440.80357142857144
2472,2020,3910,423.6363636363636
2473,2021,3910,544.375
2474,2022,3910,513.75
2475,2023,3910,516.2847477651161
2476,2024,3910,516.2847477651161
2477,2025,3910,516.2847477651161
2478,2019,3911,456.0
2479,2020,3911,434.0
2480,2021,3911,486.0
2481,2022,3911,523.75
2482,2023,3911,503.17409153538455
2483,2024,3911,503.17409153538455
2484,2025,3911,503.17409153538455
2485,2019,3912,874.1
2486,2020,3912,457.5
2487,2021,3912,423.1818181818182
2488,2022,3912,487.6666666666667
2489,2023,3912,599.5475080504143
2490,2024,3912,599.5475080504143
2491,2025,3912,599.5475080504143
2492,2019,3913,457.1875
2493,2020,3913,476.6666666666667
2494,2021,3913,485.0
2495,2022,3913,405.0
2496,2023,3913,559.2873516186464
2497,2024,3913,559.2873516186464
2498,2025,3913,559.2873516186464
2499,2019,3915,371.3225806451613
2500,2020,3915,434.59016393442624
2501,2021,3915,514.6410256410256
2502,2022,3915,443.44827586206895
2503,2023,3915,500.0828145069329
2504,2024,3915,500.0828145069329
2505,2025,3915,500.0828145069329
2506,2019,3918,445.7142857142857
2507,2020,3918,446.75
2508,2021,3918,511.8181818181818
2509,2022,3918,618.8888888888889
2510,2023,3918,523.5783170643356
2511,2024,3918,523.5783170643356
2512,2025,3918,523.5783170643356
2513,2019,3919,421.57894736842104
2514,2020,3919,380.0
2515,2021,3919,428.3333333333333
2516,2022,3919,492.5
2517,2023,3919,502.00455337630524
2518,2024,3919,502.00455337630524
2519,2025,3919,502.00455337630524
2520,2019,3922,410.0
2521,2020,3922,317.5
2522,2021,3922,350.0
2523,2022,3922,350.0
2524,2023,3922,496.1029712991993
2525,2024,3922,496.1029712991993
2526,2025,3922,496.1029712991993
2527,2019,3926,595.9166666666666
2528,2020,3926,645.8333333333334
2529,2021,3926,500.0
2530,2022,3926,897.5
2531,2023,3926,667.2028245853554
2532,2024,3926,667.2028245853554
2533,2025,3926,667.2028245853554
2534,2019,3927,558.75
2535,2020,3927,609.0
2536,2021,3927,540.0
2537,2022,3927,380.0
2538,2023,3927,572.7134191646228
2539,2024,3927,572.7134191646228
2540,2025,3927,572.7134191646228
2541,2019,3930,892.5
2542,2020,3930,763.5416666666666
2543,2021,3930,791.8333333333334
2544,2022,3930,911.6666666666666
2545,2023,3930,810.9760440039876
2546,2024,3930,810.9760440039876
2547,2025,3930,810.9760440039876
2548,2019,3931,521.6455696202531
2549,2020,3931,531.2621359223301
2550,2021,3931,550.6818181818181
2551,2022,3931,611.7883211678832
2552,2023,3931,621.0378133231891
2553,2024,3931,621.0378133231891
2554,2025,3931,621.0378133231891
2555,2019,3934,608.5
2556,2020,3934,553.2258064516129
2557,2021,3934,667.1153846153846
2558,2022,3934,685.2631578947369
2559,2023,3934,626.3416956867004
2560,2024,3934,626.3416956867004
2561,2025,3934,626.3416956867004
2562,2019,3936,454.68152866242036
2563,2020,3936,510.77734375
2564,2021,3936,541.547619047619
2565,2022,3936,607.680412371134
2566,2023,3936,625.7333757529871
2567,2024,3936,625.7333757529871
2568,2025,3936,625.7333757529871
2569,2019,3939,382.72727272727275
2570,2020,3939,455.3191489361702
2571,2021,3939,466.42857142857144
2572,2022,3939,531.3888888888889
2573,2023,3939,526.8406694044694
2574,2024,3939,526.8406694044694
2575,2025,3939,526.8406694044694
2576,2019,3940,401.3225806451613
2577,2020,3940,394.9047619047619
2578,2021,3940,397.9166666666667
2579,2022,3940,481.6666666666667
2580,2023,3940,518.8451329082543
2581,2024,3940,518.8451329082543
2582,2025,3940,518.8451329082543
2583,2019,3941,503.8333333333333
2584,2020,3941,511.4957264957265
2585,2021,3941,525.6140350877193
2586,2022,3941,576.7901234567901
2587,2023,3941,553.4860744789837
2588,2024,3941,553.4860744789837
2589,2025,3941,553.4860744789837
2590,2019,3943,568.3333333333334
2591,2020,3943,652.96875
2592,2021,3943,737.1052631578947
2593,2022,3943,897.9310344827586
2594,2023,3943,726.511273388445
2595,2024,3943,726.511273388445
2596,2025,3943,726.511273388445
2597,2019,3950,
2598,2020,3950,350.0
2599,2021,3950,350.0
2600,2022,3950,370.0
2601,2023,3950,526.1134763845581
2602,2024,3950,526.1134763845581
2603,2025,3950,526.1134763845581
2604,2019,3975,442.3809523809524
2605,2020,3975,448.7931034482759
2606,2021,3975,473.9795918367347
2607,2022,3975,522.8787878787879
2608,2023,3975,480.6621582745981
2609,2024,3975,480.6621582745981
2610,2025,3975,480.6621582745981
2611,2019,3976,369.57943925233644
2612,2020,3976,386.9642857142857
2613,2021,3976,392.375
2614,2022,3976,426.74418604651163
2615,2023,3976,451.12176049558656
2616,2024,3976,451.12176049558656
2617,2025,3976,451.12176049558656
2618,2019,3977,409.4556451612903
2619,2020,3977,411.11344537815125
2620,2021,3977,422.9491525423729
2621,2022,3977,456.10169491525426
2622,2023,3977,434.9941074129725
2623,2024,3977,434.9941074129725
2624,2025,3977,434.9941074129725
2625,2019,3978,408.98809523809524
2626,2020,3978,432.89285714285717
2627,2021,3978,459.56382978723406
2628,2022,3978,493.7
2629,2023,3978,483.17649208991406
2630,2024,3978,483.17649208991406
2631,2025,3978,483.17649208991406
2632,2019,3980,388.3333333333333
2633,2020,3980,400.0
2634,2021,3980,600.0
2635,2022,3980,600.0
2636,2023,3980,528.6445575360189
2637,2024,3980,528.6445575360189
2638,2025,3980,528.6445575360189
2639,2019,3981,330.0
2640,2020,3981,350.0
2641,2021,3981,625.0
2642,2022,3981,600.0
2643,2023,3981,512.9324225912244
2644,2024,3981,512.9324225912244
2645,2025,3981,512.9324225912244
2646,2019,3984,402.5
2647,2020,3984,402.5
2648,2021,3984,373.3333333333333
2649,2022,3984,520.0
2650,2023,3984,528.5111550176074
2651,2024,3984,528.5111550176074
2652,2025,3984,528.5111550176074
